{
 "CERTIFICATION_AUTHORITIES":[
  {
    "ID": "00001",
    "SUBJECT": "Betrusted Production SSP CA A1",
    "ISSUER": "Federal Common Policy CA",
    "VALIDFROM": "12/9/2010 19:55",
    "VALIDTO": "12/9/2020 19:49",
    "SERIAL": "19A",
    "FILENAME": "Betrusted_Production_SSP_CA_A1.cer",
    "THUMBPRINT": "0601bbdad5a28231bc9436750b4f3a484bab06c3",
    "INSTALL": "TRUE"
  },
  {
    "ID": "00002",
    "SUBJECT": "Bureau of the Census Agency CA",
    "ISSUER": "Symantec SSP Intermediate CA - G4",
    "VALIDFROM": "7/30/2015 0:00",
    "VALIDTO": "11/11/2024 23:59",
    "SERIAL": "2355994850457C656B1B9A58E3FC3F98",
    "FILENAME": "Bureau_of_the_Census_Agency_CA.cer",
    "THUMBPRINT": "4f75d3b2eec610d0948006ea73740c738068be17",
    "INSTALL": "TRUE"
  },
  {
    "ID": "00003",
    "SUBJECT": "Department of Veterans Affairs CA",
    "ISSUER": "US Treasury Root CA",
    "VALIDFROM": "8/28/2012 13:47",
    "VALIDTO": "8/28/2022 14:17",
    "SERIAL": "4E397F22",
    "FILENAME": "Department_of_Veterans_Affairs_CA-1.cer",
    "THUMBPRINT": "519d3222a15eee034980fc0da727314f70af78c0",
    "INSTALL": "TRUE"
  },
  {
    "ID": "00004",
    "SUBJECT": "Department of Veterans Affairs CA",
    "ISSUER": "US Treasury Root CA",
    "VALIDFROM": "10/17/2015 14:01",
    "VALIDTO": "10/17/2025 14:31",
    "SERIAL": "4E398179",
    "FILENAME": "Department_of_Veterans_Affairs_CA.cer",
    "THUMBPRINT": "e2edb0df1fe8068717a08e38741b5bc4c38029d0",
    "INSTALL": "TRUE"
  },
  {
    "ID": "00005",
    "SUBJECT": "DHS CA4",
    "ISSUER": "US Treasury Root CA",
    "VALIDFROM": "1/21/2011 19:11",
    "VALIDTO": "1/21/2021 19:41",
    "SERIAL": "4A61D293",
    "FILENAME": "DHS_CA4-1.cer",
    "THUMBPRINT": "a31a5df2f1c1019b9cf5b7ca4e3b26650b9ca93f",
    "INSTALL": "TRUE"
  },
  {
    "ID": "00006",
    "SUBJECT": "DHS CA4",
    "ISSUER": "US Treasury Root CA",
    "VALIDFROM": "6/13/2015 14:35",
    "VALIDTO": "6/13/2025 15:05",
    "SERIAL": "4E398128",
    "FILENAME": "DHS_CA4.cer",
    "THUMBPRINT": "49ae4f027419a3eb227e4cd4ccf4ff1bc75213b6",
    "INSTALL": "TRUE"
  },
  {
    "ID": "00007",
    "SUBJECT": "DOD ID CA-41",
    "ISSUER": "DoD Root CA 3",
    "VALIDFROM": "11/9/2015 16:13",
    "VALIDTO": "11/9/2021 16:13",
    "SERIAL": "18",
    "FILENAME": "DOD_ID_CA-41.cer",
    "THUMBPRINT": "fee543483ac0acb519688715237d3b57b9d34755",
    "INSTALL": "TRUE"
  },
  {
    "ID": "00008",
    "SUBJECT": "DOD ID CA-42",
    "ISSUER": "DoD Root CA 3",
    "VALIDFROM": "11/9/2015 16:15",
    "VALIDTO": "11/9/2021 16:15",
    "SERIAL": "19",
    "FILENAME": "DOD_ID_CA-42.cer",
    "THUMBPRINT": "8b125cfc2716558d716a9f87db7ca8316d11236e",
    "INSTALL": "TRUE"
  },
  {
    "ID": "00009",
    "SUBJECT": "DOD ID CA-43",
    "ISSUER": "DoD Root CA 3",
    "VALIDFROM": "11/9/2015 16:16",
    "VALIDTO": "11/9/2021 16:16",
    "SERIAL": "1A",
    "FILENAME": "DOD_ID_CA-43.cer",
    "THUMBPRINT": "98d3e33b50b8f6acff8c6020e29ff967eb0e9c18",
    "INSTALL": "TRUE"
  },
  {
    "ID": "00010",
    "SUBJECT": "DOD ID CA-44",
    "ISSUER": "DoD Root CA 3",
    "VALIDFROM": "11/9/2015 16:18",
    "VALIDTO": "11/9/2021 16:18",
    "SERIAL": "1B",
    "FILENAME": "DOD_ID_CA-44.cer",
    "THUMBPRINT": "cbb492c4e8a52f024772ba4e53d47391b98fcef0",
    "INSTALL": "TRUE"
  },
  {
    "ID": "00011",
    "SUBJECT": "DOD ID CA-49",
    "ISSUER": "DoD Root CA 3",
    "VALIDFROM": "11/22/2016 13:48",
    "VALIDTO": "11/23/2022 13:48",
    "SERIAL": "127",
    "FILENAME": "DOD_ID_CA-49.cer",
    "THUMBPRINT": "6cd6e8bd7acd2f08e21693988a309eca6772c134",
    "INSTALL": "TRUE"
  },
  {
    "ID": "00012",
    "SUBJECT": "DOD ID CA-50",
    "ISSUER": "DoD Root CA 3",
    "VALIDFROM": "11/22/2016 13:48",
    "VALIDTO": "11/23/2022 13:48",
    "SERIAL": "128",
    "FILENAME": "DOD_ID_CA-50.cer",
    "THUMBPRINT": "5e2e392c6ca55e9bd3f522969ffa6b3657a5d910",
    "INSTALL": "TRUE"
  },
  {
    "ID": "00013",
    "SUBJECT": "DOD ID CA-51",
    "ISSUER": "DoD Root CA 3",
    "VALIDFROM": "11/22/2016 13:49",
    "VALIDTO": "11/23/2022 13:49",
    "SERIAL": "129",
    "FILENAME": "DOD_ID_CA-51.cer",
    "THUMBPRINT": "f0a49bcf0fd1fc1521b31b2796fb829780050ee4",
    "INSTALL": "TRUE"
  },
  {
    "ID": "00014",
    "SUBJECT": "DOD ID CA-52",
    "ISSUER": "DoD Root CA 3",
    "VALIDFROM": "11/22/2016 13:49",
    "VALIDTO": "11/23/2022 13:49",
    "SERIAL": "12A",
    "FILENAME": "DOD_ID_CA-52.cer",
    "THUMBPRINT": "82118887716a07449fadd643eef739f04981087c",
    "INSTALL": "TRUE"
  },
  {
    "ID": "00015",
    "SUBJECT": "DOE SSP CA",
    "ISSUER": "Entrust Managed Services Root CA",
    "VALIDFROM": "5/29/2012 14:13",
    "VALIDTO": "4/29/2019 14:43",
    "SERIAL": "447FFCD7",
    "FILENAME": "DOE_SSP_CA-1.cer",
    "THUMBPRINT": "8240f1f7ac2ae97ca8eb913f15dba6a1c1f6d861",
    "INSTALL": "TRUE"
  },
  {
    "ID": "00016",
    "SUBJECT": "DOE SSP CA",
    "ISSUER": "Entrust Managed Services Root CA",
    "VALIDFROM": "3/1/2018 14:13",
    "VALIDTO": "6/1/2025 14:43",
    "SERIAL": "4480CB97",
    "FILENAME": "DOE_SSP_CA.cer",
    "THUMBPRINT": "607a8f5d6db771d96088e8b62ff2ded30bcdb153",
    "INSTALL": "TRUE"
  },
  {
    "ID": "00017",
    "SUBJECT": "Entrust Managed Services SSP CA",
    "ISSUER": "Entrust Managed Services Root CA",
    "VALIDFROM": "5/9/2009 15:32",
    "VALIDTO": "5/9/2019 14:02",
    "SERIAL": "447F9D1F",
    "FILENAME": "Entrust_Managed_Services_SSP_CA-1.cer",
    "THUMBPRINT": "b67e30bef74c37f9716b00bcdc5c859f73925962",
    "INSTALL": "TRUE"
  },
  {
    "ID": "00018",
    "SUBJECT": "Entrust Managed Services SSP CA",
    "ISSUER": "Entrust Managed Services Root CA",
    "VALIDFROM": "7/30/2015 16:37",
    "VALIDTO": "7/23/2025 16:36",
    "SERIAL": "448063D5",
    "FILENAME": "Entrust_Managed_Services_SSP_CA.cer",
    "THUMBPRINT": "dec01bf40c153fbc38bf2ca766b04f9dfbda3064",
    "INSTALL": "TRUE"
  },
  {
    "ID": "00019",
    "SUBJECT": "GPO SCA",
    "ISSUER": "GPO PCA",
    "VALIDFROM": "12/15/2010 11:30",
    "VALIDTO": "12/15/2020 11:43",
    "SERIAL": "40D7D0EE",
    "FILENAME": "GPO_SCA-1.cer",
    "THUMBPRINT": "4c1a6548bb9e9a7854894d0437357019fb2efbfe",
    "INSTALL": "TRUE"
  },
  {
    "ID": "00020",
    "SUBJECT": "GPO SCA",
    "ISSUER": "GPO PCA",
    "VALIDFROM": "10/14/2015 14:20",
    "VALIDTO": "10/14/2025 14:37",
    "SERIAL": "40D86A4F",
    "FILENAME": "GPO_SCA.cer",
    "THUMBPRINT": "b914fda0c3a0ee78f8fa284d3c82288ce2f60ea5",
    "INSTALL": "TRUE"
  },
  {
    "ID": "00021",
    "SUBJECT": "HHS-FPKI-Intermediate-CA-E1",
    "ISSUER": "Entrust Managed Services Root CA",
    "VALIDFROM": "3/7/2013 17:41",
    "VALIDTO": "5/9/2019 14:02",
    "SERIAL": "44801668",
    "FILENAME": "HHS-FPKI-Intermediate-CA-E1.cer",
    "THUMBPRINT": "35f9516b2ccc54959294584e72b272efcca965a3",
    "INSTALL": "TRUE"
  },
  {
    "ID": "00022",
    "SUBJECT": "HHS-FPKI-Intermediate-CA-E1",
    "ISSUER": "Entrust Managed Services Root CA",
    "VALIDFROM": "12/20/2016 15:40",
    "VALIDTO": "7/20/2025 16:10",
    "SERIAL": "44809A90",
    "FILENAME": "HHS-FPKI-Intermediate-CA-E1-1.cer",
    "THUMBPRINT": "d5e311406437c35a79bc023c2bbb57049f5d8f77",
    "INSTALL": "TRUE"
  },
  {
    "ID": "00023",
    "SUBJECT": "NASA Operational CA",
    "ISSUER": "US Treasury Root CA",
    "VALIDFROM": "1/22/2011 13:39",
    "VALIDTO": "1/22/2021 14:09",
    "SERIAL": "4A61D2A5",
    "FILENAME": "NASA_Operational_CA.cer",
    "THUMBPRINT": "76a6eaa852710e00b368c41080e6131140aaf189",
    "INSTALL": "TRUE"
  },
  {
    "ID": "00024",
    "SUBJECT": "NASA Operational CA",
    "ISSUER": "US Treasury Root CA",
    "VALIDFROM": "6/13/2015 14:24",
    "VALIDTO": "6/13/2025 14:54",
    "SERIAL": "fe7572bbde7b7f44152acc8e1715c18714dc9d63",
    "FILENAME": "NASA_Operational_CA-1.cer",
    "THUMBPRINT": "fe7572bbde7b7f44152acc8e1715c18714dc9d63",
    "INSTALL": "TRUE"
  },
  {
    "ID": "00025",
    "SUBJECT": "Naval Reactors SSP Agency CA G3",
    "ISSUER": "Symantec SSP Intermediate CA - G4",
    "VALIDFROM": "12/10/2015 0:00",
    "VALIDTO": "11/11/2024 23:59",
    "SERIAL": "18876CD9FFD738AB7E69350ECC9D41F8",
    "FILENAME": "Naval_Reactors_SSP_Agency_CA_G3.cer",
    "THUMBPRINT": "50e722c3b05485b216bbc02eb1628e2593a5565d",
    "INSTALL": "TRUE"
  },
  {
    "ID": "00026",
    "SUBJECT": "NRC SSP Agency CA G3",
    "ISSUER": "Symantec SSP Intermediate CA - G4",
    "VALIDFROM": "11/25/2014 0:00",
    "VALIDTO": "11/11/2024 23:59",
    "SERIAL": "100F05DD316CA819D9D39FEBC661B326",
    "FILENAME": "NRC_SSP_Agency_CA_G3.cer",
    "THUMBPRINT": "e40bee41cf7afa2ddba4eb10ff3a39f81ec48d20",
    "INSTALL": "TRUE"
  },
  {
    "ID": "00027",
    "SUBJECT": "OCIO CA",
    "ISSUER": "US Treasury Root CA",
    "VALIDFROM": "9/12/2010 14:46",
    "VALIDTO": "9/12/2020 15:16",
    "SERIAL": "4A61D147",
    "FILENAME": "OCIO_CA-1.cer",
    "THUMBPRINT": "f9299790eb271125fd91e661cede4ee202d7e758",
    "INSTALL": "TRUE"
  },
  {
    "ID": "00028",
    "SUBJECT": "OCIO CA",
    "ISSUER": "US Treasury Root CA",
    "VALIDFROM": "11/7/2010 14:46",
    "VALIDTO": "11/7/2020 15:16",
    "SERIAL": "4A61D192",
    "FILENAME": "OCIO_CA-2.cer",
    "THUMBPRINT": "918a68d87fb6011afe3666076319ed0462df0940",
    "INSTALL": "TRUE"
  },
  {
    "ID": "00029",
    "SUBJECT": "OCIO CA",
    "ISSUER": "US Treasury Root CA",
    "VALIDFROM": "4/19/2015 15:17",
    "VALIDTO": "4/19/2025 15:47",
    "SERIAL": "4E398101",
    "FILENAME": "OCIO_CA.cer",
    "THUMBPRINT": "5ad254c3ecebb5b7e108caa0cc8030598a7b7709",
    "INSTALL": "TRUE"
  },
  {
    "ID": "00030",
    "SUBJECT": "ORC SSP 3",
    "ISSUER": "Federal Common Policy CA",
    "VALIDFROM": "1/12/2011 0:54",
    "VALIDTO": "1/12/2021 0:52",
    "SERIAL": "2C2",
    "FILENAME": "ORC_SSP_3.cer",
    "THUMBPRINT": "bbfa5abd8a09d73be1fa30363f87402fec5316f9",
    "INSTALL": "TRUE"
  },
  {
    "ID": "00031",
    "SUBJECT": "ORC SSP 4",
    "ISSUER": "Federal Common Policy CA",
    "VALIDFROM": "8/31/2015 15:14",
    "VALIDTO": "1/21/2024 16:36",
    "SERIAL": "2EF9",
    "FILENAME": "ORC_SSP_4.cer",
    "THUMBPRINT": "3a70323069a4c41bc95663152e9ccc7111bb0623",
    "INSTALL": "TRUE"
  },
  {
    "ID": "00032",
    "SUBJECT": "Social Security Administration Certification Authority",
    "ISSUER": "US Treasury Root CA",
    "VALIDFROM": "2/16/2011 23:29",
    "VALIDTO": "2/16/2021 23:59",
    "SERIAL": "4A61D2BA",
    "FILENAME": "Social_Security_Administration_Certification_Authority-1.cer",
    "THUMBPRINT": "b4b209aade830834c9b5c2f815021d28dc381fe1",
    "INSTALL": "TRUE"
  },
  {
    "ID": "00033",
    "SUBJECT": "Social Security Administration Certification Authority",
    "ISSUER": "US Treasury Root CA",
    "VALIDFROM": "4/19/2015 15:04",
    "VALIDTO": "4/19/2025 15:34",
    "SERIAL": "4E3980EF",
    "FILENAME": "Social_Security_Administration_Certification_Authority.cer",
    "THUMBPRINT": "bb6c62e648d503f1beab75ef5f69b17256175993",
    "INSTALL": "TRUE"
  },
  {
    "ID": "00034",
    "SUBJECT": "U.S. Department of Education Agency CA - G3",
    "ISSUER": "VeriSign SSP Intermediate CA - G3",
    "VALIDFROM": "10/20/2011 0:00",
    "VALIDTO": "10/19/2018 23:59",
    "SERIAL": "A8159718ADC92AC10A506ACB577CEAB",
    "FILENAME": "U.S._Department_of_Education_Agency_CA_-_G3.cer",
    "THUMBPRINT": "18586c1d3f97fc2d22221fe9f16ac2b2cca88757",
    "INSTALL": "TRUE"
  },
  {
    "ID": "00035",
    "SUBJECT": "U.S. Department of Education Agency CA - G4",
    "ISSUER": "Symantec SSP Intermediate CA - G4",
    "VALIDFROM": "7/21/2015 0:00",
    "VALIDTO": "11/11/2024 23:59",
    "SERIAL": "224AD7D35A9D34350671F9B8BE45A23A",
    "FILENAME": "U.S._Department_of_Education_Agency_CA_-_G4.cer",
    "THUMBPRINT": "69e2abc173047f844e3f53cb2cbd138ba9063de8",
    "INSTALL": "TRUE"
  },
  {
    "ID": "00036",
    "SUBJECT": "U.S. Department of State PIV CA",
    "ISSUER": "U.S. Department of State AD Root CA",
    "VALIDFROM": "9/30/2009 23:18",
    "VALIDTO": "9/30/2019 23:48",
    "SERIAL": "40DA5F3D",
    "FILENAME": "U.S._Department_of_State_PIV_CA.cer",
    "THUMBPRINT": "1a4854e18ffbbb2b1582b878cd5cbc242e4e3057",
    "INSTALL": "TRUE"
  },
  {
    "ID": "00037",
    "SUBJECT": "U.S. Department of State PIV CA2",
    "ISSUER": "U.S. Department of State AD Root CA",
    "VALIDFROM": "8/3/2016 16:13",
    "VALIDTO": "8/3/2026 16:43",
    "SERIAL": "51B02402",
    "FILENAME": "U.S._Department_of_State_PIV_CA2.cer",
    "THUMBPRINT": "ffe07fb428bcef4bf38ebbfae1e42339e03e7756",
    "INSTALL": "TRUE"
  },
  {
    "ID": "00038",
    "SUBJECT": "U.S. Department of Transportation Agency CA G4",
    "ISSUER": "Symantec SSP Intermediate CA - G4",
    "VALIDFROM": "12/11/2014 0:00",
    "VALIDTO": "11/11/2024 23:59",
    "SERIAL": "61A90F3E5FF532F9FE6209D931279A82",
    "FILENAME": "U.S._Department_of_Transportation_Agency_CA_G4.cer",
    "THUMBPRINT": "dc5b590800765864587902af983c21a7209be320",
    "INSTALL": "TRUE"
  },
  {
    "ID": "00039",
    "SUBJECT": "USPTO_INTR_CA1",
    "ISSUER": "Federal Bridge CA 2016",
    "VALIDFROM": "12/15/2016 19:04",
    "VALIDTO": "12/15/2019 19:04",
    "SERIAL": "2E4E311804B49D0BFFF0E3B6A9254FC4D1A97F32",
    "FILENAME": "USPTO_INTR_CA1-1.cer",
    "THUMBPRINT": "85fa67194d854d7c41a06c82f8a1376d1508e8cf",
    "INSTALL": "TRUE"
  },
  {
    "ID": "00040",
    "SUBJECT": "USPTO_INTR_CA1",
    "ISSUER": "Federal Bridge CA 2016",
    "VALIDFROM": "4/23/2018 17:17",
    "VALIDTO": "12/15/2019 17:16",
    "SERIAL": "6E6C011D8D83D73D918FC917C2AC515A472EF2DF",
    "FILENAME": "USPTO_INTR_CA1-2.cer",
    "THUMBPRINT": "0704ea9633a45a9a39123bac28be01078c6bfd3a",
    "INSTALL": "TRUE"
  },
  {
    "ID": "00041",
    "SUBJECT": "USPTO_INTR_CA1",
    "ISSUER": "USPTO_INTR_CA1",
    "VALIDFROM": "6/24/2010 20:45",
    "VALIDTO": "6/24/2030 21:15",
    "SERIAL": "4C296F46",
    "FILENAME": "USPTO_INTR_CA1.cer",
    "THUMBPRINT": "0fe0c471ff7c279a1adb8f4c1f240d64c7a04894",
    "INSTALL": "TRUE"
  },
  {
    "ID": "00042",
    "SUBJECT": "USPTO_INTR_CA1",
    "ISSUER": "USPTO_INTR_CA1",
    "VALIDFROM": "4/7/2018 12:16",
    "VALIDTO": "12/7/2029 12:46",
    "SERIAL": "4C296F47",
    "FILENAME": "USPTO_INTR_CA1-3.cer",
    "THUMBPRINT": "bc67b9e65ee05c3742c27187259ded3e6112a587",
    "INSTALL": "TRUE"
  },
  {
    "ID": "00043",
    "SUBJECT": "Verizon SSP CA A2",
    "ISSUER": "Federal Common Policy CA",
    "VALIDFROM": "12/6/2016 16:12",
    "VALIDTO": "12/6/2026 16:09",
    "SERIAL": "403C",
    "FILENAME": "Verizon_SSP_CA_A2.cer",
    "THUMBPRINT": "a9d3a8ac016dba9fa12685bf59dcc39f5dcaf781",
    "INSTALL": "TRUE"
  },
  {
    "ID": "00044",
    "SUBJECT": "Veterans Affairs CA B3",
    "ISSUER": "Verizon SSP CA A2",
    "VALIDFROM": "12/15/2017 17:56",
    "VALIDTO": "12/15/2027 17:56",
    "SERIAL": "5ECB874A1B24B1113848E40E76DC3EA4449624FE",
    "FILENAME": "Veterans_Affairs_CA_B3.cer",
    "THUMBPRINT": "fddb25c3cda647fd56954b58de95878422fb9c11",
    "INSTALL": "TRUE"
  },
  {
    "ID": "00045",
    "SUBJECT": "Veterans Affairs User CA B1",
    "ISSUER": "Verizon SSP CA A2",
    "VALIDFROM": "1/25/2017 4:59",
    "VALIDTO": "1/25/2027 4:59",
    "SERIAL": "251EA36536CFEBB0E9D1334D0CB96102BAB16589",
    "FILENAME": "Veterans_Affairs_User_CA_B1.cer",
    "THUMBPRINT": "671461948b8ef765fe5e1248222af3fcdd457564",
    "INSTALL": "TRUE"
  }
  ]
}